<?xml version="1.0" encoding="UTF-8"?>
<!DOCTYPE mapper PUBLIC "-//mybatis.org//DTD Mapper 3.0//EN"
        "http://mybatis.org/dtd/mybatis-3-mapper.dtd">

<mapper namespace="org.csu.bookstore.persistence.AdmireMapper">

    <select id="getAdmireByReviewId" parameterType="int" resultType="org.csu.bookstore.domain.Admire">
        SELECT
        admire_id,
        user_id,
        review_id,
        admire.date
        from
        ADMIRE
        WHERE admire.review_id = #{reviewId}
    </select>

    <insert id="insertAdmire" parameterType="org.csu.bookstore.domain.Admire">
        INSERT INTO ADMIRE
        (admire_id,
        user_id,
        review_id,
        admire.date)
        values
        (#{admireId}, #{userId}, #{reviewId}, #{admireDate});
    </insert>

    <delete id="deleteAdmire" parameterType="org.csu.bookstore.domain.Admire">
        delete from ADMIRE
        where
        admire_id =#{admireId};
    </delete>

    <select id="getNextAdmireId" resultType="int">
          select
          max(admire_id)+1
          from
          admire
      </select>
</mapper>