<?xml version="1.0" encoding="UTF-8"?>
<!DOCTYPE mapper PUBLIC "-//mybatis.org//DTD Mapper 3.0//EN"
        "http://mybatis.org/dtd/mybatis-3-mapper.dtd">

<mapper namespace="org.csu.bookstore.persistence.BookMapper">

    <select id="getBookByBookId" parameterType="int" resultType="org.csu.bookstore.domain.Book">
        SELECT
        book_id as bookId,
        item_id,
	    Book.name,
        description,
        price,
        quantity,
        collected_count
    	from
        book
        WHERE book_id = #{bookId};
    </select>

    <update id="updateBook" parameterType="org.csu.bookstore.domain.Book">/* 主要更新库存数量 */
        UPDATE
        BOOK
        set
        book_id = #{bookId},
        item_id =#{itemId} ,
        Book.name =#{name} ,
        description = #{description} ,
        price = #{price} ,
        quantity = #{quantity} ,
        collected_count = #{collectedCount}
        where
        book_id = #{bookId} ;
    </update>

    <insert id="insertBook" parameterType="org.csu.bookstore.domain.Book">
        INSERT INTO BOOK
        (book_id,
        item_id,
        Book.name,
        description,
        price,
        quantity,
        collected_count)
        values
        (#{bookId}, #{itemId}, #{name}, #{description}, #{price}, #{quantity}, #{collectedCount});
    </insert>

    <select id="getBookListByItemId" parameterType="int" resultType="org.csu.bookstore.domain.Book">
        select
        *
        from
        book
        where
        item_id = #{itemId};
    </select>

    <select id="getBookList" resultType="org.csu.bookstore.domain.Book">
        select
        *
        from
        book
    </select>

    <select id="SearchBookByBookId" parameterType="java.lang.String" resultType="org.csu.bookstore.domain.Book">
        SELECT
        book_id,
        item_id,
        book.name,
        description,
        price,
        quantity,
        collected_count
    	from
        book
        where book.name like "%"#{name}"%"
    </select>

    <select id="getNextBookId" resultType="int">
          select
          max(book_id)+1
          from
          book
    </select>

    <select id="getImageListByBookId" parameterType="int" resultType="org.csu.bookstore.domain.Image">
        select
        *
        from
        image
        where
        book_id = #{value}
    </select>
</mapper>