<?xml version="1.0" encoding="UTF-8"?>
<!DOCTYPE mapper PUBLIC "-//mybatis.org//DTD Mapper 3.0//EN"
        "http://mybatis.org/dtd/mybatis-3-mapper.dtd">

<mapper namespace="org.csu.bookstore.persistence.BookReviewMapper">

    <select id="getBookReviewByBookId" parameterType="int" resultType="org.csu.bookstore.domain.BookReview">
        SELECT
        review_id,
        book_id,
        user_id,
        text,
        book_review.date,
        book_review.count
        from
        book_review
        WHERE book_review.book_id = #{bookId}
    </select>

    <select id="getBookReviewByReviewId" parameterType="int"  resultType="org.csu.bookstore.domain.BookReview">
        SELECT
        review_id,
        book_id,
        user_id,
        text,
        book_review.date,
        book_review.count
        from
        book_review
        WHERE book_review.review_id = #{reviewId}
    </select>


    <select id="getBookReviewList" resultType="org.csu.bookstore.domain.BookReview">
        SELECT
        review_id,
        book_id,
        user_id,
        text,
        book_review.date,
        book_review.count
        from
        book_review
        WHERE book_review.review_id = #{reviewId}
    </select>

    <!--/*插入评论*/-->
    <insert id="insertBookReview" parameterType="org.csu.bookstore.domain.BookReview">
        INSERT INTO book_review
        (review_id,
        book_id,
        user_id,
        text,
        book_review.date,
        book_review.count
        )
        values
        (#{reviewId}, #{bookId}, #{userId}, #{text}, #{date}, #{count});
    </insert>
    <!--/*修改评论*/-->
    <update id="updateBookReview" parameterType="org.csu.bookstore.domain.BookReview">
        UPDATE
        book_review
        SET
        review_id = #{reviewId} ,
        book_id =#{bookId} ,
        user_id = #{userId} ,
        text = #{text} ,
        book_review.date = #{date} ,
        book_review.count = #{count}
        WHERE
        book_review.review_id = #{reviewId};
    </update>

    <delete id="deleteBookReview" parameterType="int">
        delete from book_review
        where
        book_review.review_id = #{reviewId};
    </delete>

    <select id="getNextBookReviewId" resultType="int">
          select
          max(review_id)+1
          from
          book_review
      </select>


</mapper>