<?xml version="1.0" encoding="UTF-8"?>
<!DOCTYPE mapper PUBLIC "-//mybatis.org//DTD Mapper 3.0//EN"
        "http://mybatis.org/dtd/mybatis-3-mapper.dtd">

<mapper namespace="org.csu.bookstore.persistence.CartMapper">

    <select id="getCartByUserId" parameterType="int"
            resultType="org.csu.bookstore.domain.CartItem">
        select
        user_id as userId,
        book_id as bookId,
        cart.count as count,
        cart_id as cartId
        from
        cart
        where
        user_id = #{userId}
    </select>

    <update id="updateCartByBookId" parameterType="org.csu.bookstore.domain.CartItem">
        update
        cart
        set
        cart.count = #{count},
        where
        book_id = #{book_id}
        and
        cart_id = #{cart_id};
    </update>

    <delete id="deleteBookFromCart" parameterType="org.csu.bookstore.domain.CartItem">
        delete from cart
        where
        cart_id = #{cart_id}
        and
        book_id = #{book_id};
    </delete>

    <insert id="addBookToCart" parameterType="org.csu.bookstore.domain.CartItem">
        insert into cart
        (user_id, book_id, cart.count, cart_id)
        values
        (#{user_id}, #{book_id}, #{count}, #{cart_id})
    </insert>

    <delete id="deleteCartByCartId" parameterType="int">
        delete
        from
        cart
        where
        cart_id = #{cart_id};
    </delete>

    <select id="getNextCartId" resultType="int">
          select
          max(cart_id)+1
          from
          cart
      </select>
</mapper>