<?xml version="1.0" encoding="UTF-8"?>
<!DOCTYPE mapper PUBLIC "-//mybatis.org//DTD Mapper 3.0//EN"
        "http://mybatis.org/dtd/mybatis-3-mapper.dtd">

<mapper namespace="org.csu.bookstore.persistence.CollectionMapper">

    <!--/*书本收藏数*/-->
    <select id="getCollectionByBookId" parameterType="int" resultType="org.csu.bookstore.domain.Collection">
        SELECT
        collection_id,
        user_id,
        book_id,
        collection.date
        from
        collection
        WHERE collection.book_id = #{bookId}
    </select>

    <select id="getCollectionByUserId" parameterType="int" resultType="org.csu.bookstore.domain.Collection">
        SELECT
        collection_id,
        user_id,
        book_id,
        collection.date
        from
        collection
        WHERE collection.user_id = #{userId}
    </select>

    <insert id="insertCollection" parameterType="org.csu.bookstore.domain.Collection">
        INSERT INTO collection
        (collection_id,
        user_id,
        book_id,
        collection.date)
        values
        (#{collectionId}, #{userId}, #{bookId}, #{collectionDate});
    </insert>

    <delete id="deleteCollection" parameterType="org.csu.bookstore.domain.Collection">
        delete from collection
        where
        user_id =#{userId};
    </delete>

    <select id="getNextCollectionId" resultType="int">
          select
          max(collection_id)+1
          from
          collection
      </select>
</mapper>