<?xml version="1.0" encoding="UTF-8"?>
<!DOCTYPE mapper PUBLIC "-//mybatis.org//DTD Mapper 3.0//EN"
        "http://mybatis.org/dtd/mybatis-3-mapper.dtd">

<mapper namespace="org.csu.bookstore.persistence.CommentMapper">

   <!-- /*书本下的留言展示*/-->
    <select id="getCommentByBookId" parameterType="int" resultType="org.csu.bookstore.domain.Comment">
        SELECT
        comment_id,
        user_id,
        book_id,
        comments.text,
        comments.date
        from
        COMMENTS
        WHERE COMMENTS.book_id = #{bookId}
    </select>

    <!--/*用户的留言记录*/-->
    <select id="getCommentByUserId" parameterType="int"  resultType="org.csu.bookstore.domain.Comment">
        SELECT
        comment_id,
        user_id,
        book_id,
        comments.text,
        comments.date
        from
        COMMENTS
        WHERE COMMENTS.user_id = #{userId}
    </select>

    <!--/*调用单个留言（没什么用）*/-->
    <select id="getCommentByCommentId" parameterType="int"  resultType="org.csu.bookstore.domain.Comment">
        SELECT
        comment_id,
        user_id,
        book_id,
        comments.text,
        comments.date
        from
        COMMENTS
        WHERE COMMENTS.comment_id = #{commentId}
    </select>

    <insert id="insertComment" parameterType="org.csu.bookstore.domain.Comment">
        INSERT INTO COMMENTS
        (comment_id,
        user_id,
        book_id,
        comments.text,
        comments.date
        )
        values
        (#{commentId}, #{userId}, #{bookId}, #{text}, #{date});
    </insert>

    <update id="updateComment" parameterType="org.csu.bookstore.domain.Comment">
        UPDATE
        COMMENTS
        SET
        comment_id = #{commentId},
        user_id =#{userId} ,
        book_id =#{bookId} ,
        comments.text = #{text} ,
        comments.date = #{date}
        WHERE
        COMMENTS.comment_id = #{commentId};
    </update>

    <delete id="deleteComment" parameterType="int">
        delete from COMMENTS
        where
        COMMENTS.comment_id = #{commentId};
    </delete>

    <select id="getNextCommentId" resultType="int">
          select
          max(comment_id)+1
          from
          comments
      </select>


</mapper>