<?xml version="1.0" encoding="UTF-8"?>
<!DOCTYPE mapper PUBLIC "-//mybatis.org//DTD Mapper 3.0//EN"
        "http://mybatis.org/dtd/mybatis-3-mapper.dtd">

<mapper namespace="org.csu.bookstore.persistence.MessageMapper">

    <select id="getMessageByReviewId" parameterType="int" resultType="org.csu.bookstore.domain.Message">
        SELECT
        message_id,
        review_id,
        user_id,
        MESSAGE.date,
        MESSAGE.text
        from
        MESSAGE
        WHERE MESSAGE.review_id = #{reviewId}
    </select>

    <select id="getMessageByUserId" parameterType="int"  resultType="org.csu.bookstore.domain.Message">
        SELECT
        message_id,
        review_id,
        user_id,
        MESSAGE.date,
        MESSAGE.text
        from
        MESSAGE
        WHERE MESSAGE.user_id = #{userId}
    </select>


    <insert id="insertMessage" parameterType="org.csu.bookstore.domain.Message">
        INSERT INTO MESSAGE
        (message_id,
        review_id,
        user_id,
        MESSAGE.date,
        MESSAGE.text
        )
        values
        (#{messageId}, #{reviewId}, #{userId}, #{date}, #{text});
    </insert>

    <update id="updateMessage" parameterType="org.csu.bookstore.domain.Message">
        UPDATE
        MESSAGE
        SET
        message_id = #{messageId},
        review_id =#{reviewId} ,
        user_id =#{userId} ,
        MESSAGE.date = #{date} ,
        MESSAGE.text = #{text} ,
        WHERE
        MESSAGE.message_id = #{messageId};
    </update>

    <delete id="deleteMessage" parameterType="int">
        delete from MESSAGE
        where
        MESSAGE.message_id = #{messageId};
    </delete>


    <select id="getMessageReplyByMessageId" parameterType="int"  resultType="org.csu.bookstore.domain.Message">
        SELECT
        MESSAGE.message_id,
        review_id,
        MESSAGE.user_id,
        MESSAGE.date,
        MESSAGE.text,
        mreply_id,
        MESSAGE_REPLY.user_id,
        MESSAGE_REPLY.date,
        MESSAGE_REPLY.text,
        MESSAGE_REPLY.message_id
        from
        MESSAGE,MESSAGE_REPLY
        WHERE MESSAGE.message_id = #{messageId}
      AND MESSAGE.message_id = MESSAGE_REPLY.message_id
    </select>

    <select id="getMessageReplyByUserId" parameterType="int"  resultType="org.csu.bookstore.domain.MessageReply">
        SELECT
        mreply_id,
        MESSAGE_REPLY.message_id,
        MESSAGE_REPLY.user_id,
        MESSAGE_REPLY.date,
        MESSAGE_REPLY.text
        from
        MESSAGE_REPLY
        WHERE MESSAGE_REPLY.user_id = #{userId}
    </select>

    <insert id="insertMessageReply" parameterType="org.csu.bookstore.domain.MessageReply">
        INSERT INTO MESSAGE_REPLY
        (mreply_id,
        MESSAGE_REPLY.message_id,
        MESSAGE_REPLY.user_id,
        MESSAGE_REPLY.date,
        MESSAGE_REPLY.text
        )
        values
        (#{mreplyId}, #{messageId}, #{userId}, #{date}, #{text});
    </insert>

    <delete id="deleteMessageReply" parameterType="int">
        delete from MESSAGE_REPLY
        where
        MESSAGE_REPLY.mreply_id = #{mreplyId};
    </delete>

    <select id="getNextMessageId" resultType="int">
          select
          max(massage_id)+1
          from
          massage
     </select>

    <select id="getNextMessageReplyId" resultType="int">
          select
          max(reply_id)+1
          from
          massage_reply
      </select>
</mapper>