<?xml version="1.0" encoding="UTF-8"?>
<!DOCTYPE mapper PUBLIC "-//mybatis.org//DTD Mapper 3.0//EN"
        "http://mybatis.org/dtd/mybatis-3-mapper.dtd">

<mapper namespace="org.csu.bookstore.persistence.OrderMapper">
      <select id="getOrderByUserId" parameterType="int"
            resultType="org.csu.bookstore.domain.Order">
          select
          order_id,
          user_id,
          orders.date,
          carriage,
          total_cost,
          recipient_name,
          recipient_phone,
          zip,
          recipient_address,
          is_paid,
          paid_time,
          is_sent,
          sent_time,
          is_recived,
          recived_time,
          is_done,
          done_time
          from
          orders
          where
          user_id = #{userId}
      </select>

      <update id="updateOrderByOrderId" parameterType="org.csu.bookstore.domain.Order">
          update
          orders
          set
          is_paid = #{is_paid} ,
          paid_time = #{paid_time} ,
          is_sent = #{is_sent},
          sent_time = #{sent_time},
          is_recived = #{is_recived},
          recived_time = #{recived_time},
          is_done = #{is_done},
          done_time = #{done_time}
          where
          order_id = #{order_id};
      </update>

      <insert id="addOrder" parameterType="org.csu.bookstore.domain.CartItem">
          insert into bookstore3.2.orders
          (order_id, user_id, orders.date, carriage, total_cost, recipient_name, recipient_phone, zip, recipient_address, is_paid, paid_time, is_sent, sent_time, is_recived, recived_time, is_done, done_time)
          values
          ('order_id', 'user_id', 'date', 'carriage', 'total_cost', 'recipient_name', 'recipient_phone', 'zip', 'recipient_address', 'is_paid', 'paid_time', 'is_sent', 'sent_time', 'is_recived', 'recived_time', 'is_done', 'done_time');
      </insert>

      <insert id="addOrderDetail" parameterType="org.csu.bookstore.domain.OrderDetail">
          insert into order_detail
          (book_id, order_id, order_detail.count, detail_id)
          values
          ('book_id', 'order_id', 'count', 'detail_id');
      </insert>

      <select id="getOrderByOrderId" parameterType="int"
              resultType="org.csu.bookstore.domain.Order">
          select
          order_id,
          user_id,
          orders.date,
          carriage,
          total_cost,
          recipient_name,
          recipient_phone,
          zip,
          recipient_address,
          is_paid,
          paid_time,
          is_sent,
          sent_time,
          is_recived,
          recived_time,
          is_done,
          done_time
          from
          orders
          where
          user_id = #{orderId}
      </select>

      <select id="getNextOrderId" resultType="int">
          select
          max(order_id)+1
          from
          orders
      </select>

      <select id="getNextOrderDetailId" resultType="int">
          select
          max(detail_id)+1
          from
          order_detail
      </select>

      <select id="getOrderDetailByOrderId" parameterType="int" resultType="org.csu.bookstore.domain.OrderDetail">
            select * from order_detail where order_id = #{orderId};
      </select>

</mapper>