<?xml version="1.0" encoding="UTF-8"?>
<!DOCTYPE mapper PUBLIC "-//mybatis.org//DTD Mapper 3.0//EN"
        "http://mybatis.org/dtd/mybatis-3-mapper.dtd">

<mapper namespace="org.csu.bookstore.persistence.UserMapper">

    <select id="getUserByUserId" parameterType="int" resultType="org.csu.bookstore.domain.User">
        SELECT
        USER_ID,
        USERS.NAME,
        USERS.PASSWORD,
        EMAIL,
        ADDRESS,
        GENDER,
        PHONE,
        ZIP
        FROM
        USERS
        WHERE USERS.USER_ID  = #{userId}
    </select>

    <select id="getUserByUsernameAndPassword" parameterType="org.csu.bookstore.domain.User"
            resultType="org.csu.bookstore.domain.User">
        SELECT
        USER_ID,
        USERS.NAME,
        USERS.PASSWORD,
        EMAIL,
        ADDRESS,
        GENDER,
        PHONE,
        ZIP
        FROM
        USERS
        WHERE USERS.NAME = #{name}
        AND USERS.PASSWORD = #{password}
    </select>

    <update id="updateUser" parameterType="org.csu.bookstore.domain.User">
        UPDATE
        USERS
        SET
        USER_NAME = #{userName},
        EMAIL = #{email},
        ADDRESS = #{address},
        GENDER = #{gender},
        PHONE = #{phone},
        ZIP = #{zip},
        WHERE
        USER_ID = #{userId};
    </update>

    <insert id="insertUser" parameterType="org.csu.bookstore.domain.User">
        INSERT INTO USERS
        (USER_ID,USERS.NAME, USERS.PASSWORD, EMAIL, ADDRESS, GENDER, PHONE, ZIP, LAST_PASSWORD)
        values
        (#{userId}, #{userName}, #{password}, #{email}, #{address}, #{gender}, #{phone}, #{zip}, #{lastPassword});
    </insert>

    <update id="updatePassword" parameterType="org.csu.bookstore.domain.User">
        UPDATE
        USERS
        SET
        USERS.PASSWORD = #{user.password},
        WHERE
        USER_ID = #{user.userId};
    </update>

    <select id="getNextUserId" resultType="int">
          select
          max(user_id)+1
          from
          users
     </select>

</mapper>